<?xml version="1.0" encoding="UTF-8" ?>
<pluginInfo>
	<author name="IBM">
		<organization>IBM</organization>
		<email></email>
		<website></website>
		<bio></bio>
	</author>
	<integration type="automation"/>
	<tool-description>Liquibase is an open source database-independent library for tracking, managing and applying database schema changes.</tool-description>
	<related-info>
	<link title="Liquibase Site" type="WEBSITE" description="Liqubase homepage" url ="http://www.liquibase.org"/>
	</related-info>
	<release-notes>
		<release-note plugin-version="1">
		</release-note>
	</release-notes>
</pluginInfo>